1,0
3,0
5,0
12,0
14,0
15,0
18,0
22,0
31,0
37,0
50,0
53,0
56,0
75,0
80,0
90,0
96,0
98,0
101,0
107,0
109,0
112,0
117,0
120,0
123,0
124,0
126,0
127,0
140,0
142,0
147,0
154,0
160,0
161,0
164,0
180,0
186,0
188,0
189,0
193,0
194,0
197,0
198,0
200,0
210,0
214,0
217,0
220,0
221,0
222,0
223,0
230,0
232,0
237,0
240,0
250,0
260,0
268,0
272,0
273,0
276,0
277,0
278,0
289,0
292,0
295,0
297,0
299,0
309,0
323,0
329,0
330,0
332,0
339,0
340,0
341,0
348,0
356,0
359,0
373,0
376,0
379,0
383,0
392,0
409,0
421,0
426,0
435,0
441,0
442,0
445,0
450,0
456,0
462,0
463,0
464,0
472,0
476,0
477,0
478,0
481,0
483,0
484,0
486,0
504,0
508,0
510,0
511,0
515,0
520,0
529,0
535,0
540,0
541,0
546,0
557,0
558,0
574,0
576,0
579,0
580,0
588,0
605,0
608,0
609,0
611,0
615,0
616,0
619,0
625,0
628,0
630,0
634,0
638,0
642,0
643,0
655,0
660,0
663,0
666,0
669,0
692,0
697,0
698,0
700,0
702,0
706,0
711,0
716,0
717,0
720,0
722,0
725,0
728,0
731,0
735,0
736,0
737,0
740,0
745,0
753,0
762,0
768,0
779,0
783,0
802,0
806,0
815,0
817,0
818,0
827,0
832,0
843,0
848,0
850,0
862,0
871,0
872,0
882,0
884,0
888,0
889,0
892,0
893,0
896,0
901,0
903,0
911,0
915,0
919,0
926,0
928,0
932,0
933,0
937,0
942,0
949,0
950,0
958,0
959,0
961,0
964,0
972,0
976,0
977,0
981,0
982,0
986,0
989,0
992,0
995,0
996,0
997,0
1000,0
1021,0
1024,0
1031,0
1032,0
1045,0
1048,0
1052,0
1058,0
1061,0
1062,0
1064,0
1065,0
1066,0
1079,0
1082,0
1090,0
1098,0
1099,0
1100,0
1124,0
1128,0
1131,0
1132,0
1142,0
1144,0
1146,0
1148,0
1153,0
1157,0
1162,0
1165,0
1168,0
1169,0
1175,0
1182,0
1183,0
1184,0
1188,0
1191,0
1193,0
1195,0
1203,0
1211,0
1212,0
1217,0
1218,0
1221,0
1222,0
1230,0
1236,0
1238,0
1246,0
1256,0
1259,0
1262,0
1263,0
1277,0
1283,0
1285,0
1303,0
1310,0
1311,0
1312,0
1323,0
1329,0
1332,0
1342,0
1343,0
1346,0
1350,0
1351,0
1352,0
1353,0
1366,0
1368,0
1369,0
1371,0
1376,0
1383,0
1384,0
1388,0
1390,0
1401,0
1402,0
1404,0
1409,0
1412,0
1415,0
1420,0
1421,0
1428,0
1433,0
1435,0
1438,0
1442,0
1456,0
1457,0
1460,0
1466,0
1475,0
1478,0
1487,0
1490,0
1497,0
1499,0
1505,0
1508,0
1525,0
1534,0
1538,0
1546,0
1552,0
1553,0
1563,0
1570,0
1571,0
1576,0
1577,0
1579,0
1580,0
1592,0
1603,0
1608,0
1617,0
1623,0
1625,0
1626,0
1628,0
1644,0
1648,0
1650,0
1656,0
1659,0
1661,0
1668,0
1670,0
1682,0
1683,0
1687,0
1690,0
1695,0
1696,0
1698,0
1703,0
1728,0
1737,0
1741,0
1748,0
1750,0
1753,0
1757,0
1764,0
1767,0
1774,0
1783,0
1788,0
1790,0
1807,0
1812,0
1813,0
1818,0
1824,0
1841,0
1843,0
1849,0
1856,0
1868,0
1887,0
1890,0
1893,0
1898,0
1900,0
1901,0
1908,0
1936,0
1952,0
1953,0
1961,0
1962,0
1974,0
1977,0
1978,0
1979,0
1983,0
1990,0
1992,0
2001,0
2004,0
2005,0
2013,0
2022,0
2027,0
2033,0
2038,0
2043,0
2046,0
2048,0
2065,0
2077,0
2079,0
2088,0
2092,0
2093,0
2095,0
2098,0
2106,0
2107,0
2108,0
2116,0
2119,0
2129,0
2132,0
2135,0
2140,0
2143,0
2144,0
2148,0
2152,0
2155,0
2157,0
2168,0
2171,0
2174,0
2181,0
2196,0
2198,0
2200,0
2202,0
2206,0
2209,0
2215,0
2224,0
2226,0
2227,0
2240,0
2247,0
2258,0
2261,0
2268,0
2271,0
2275,0
2276,0
2282,0
2283,0
2285,0
2288,0
2293,0
2297,0
2304,0
2310,0
2312,0
2314,0
2324,0
2333,0
2335,0
2348,0
2352,0
2353,0
2362,0
2364,0
2376,0
2379,0
2381,0
2382,0
2384,0
2391,0
2394,0
2395,0
2397,0
2400,0
2405,0
2413,0
2423,0
2425,0
2426,0
2428,0
2436,0
2439,0
2443,0
2446,0
2447,0
2457,0
2460,0
2462,0
2463,0
2464,0
2467,0
2468,0
2471,0
2473,0
2475,0
2477,0
2479,0
2482,0
2490,0
2497,0
2498,0
2515,0
2523,0
2526,0
2529,0
2532,0
2535,0
2539,0
2541,0
2547,0
2554,0
2557,0
2562,0
2563,0
2569,0
2574,0
2578,0
2579,0
2583,0
2585,0
2589,0
2592,0
2609,0
2618,0
2619,0
2624,0
2629,0
2631,0
2634,0
2639,0
2640,0
2641,0
2658,0
2679,0
2681,0
2688,0
2699,0
2702,0
2704,0
2705,0
2713,0
2729,0
2744,0
2755,0
2764,0
2773,0
2774,0
2775,0
2776,0
2786,0
2788,0
2792,0
2799,0
2808,0
2810,0
2819,0
2823,0
2824,0
2829,0
2830,0
2840,0
2844,0
2859,0
2866,0
2869,0
2872,0
2874,0
2893,0
2897,0
2900,0
2908,0
2910,0
2914,0
2920,0
2922,0
2925,0
2926,0
2937,0
2951,0
2954,0
2967,0
2978,0
2986,0
2988,0
2994,0
2995,0
2997,0
3004,0
3008,0
3019,0
3020,0
3025,0
3028,0
3029,0
3037,0
3039,0
3049,0
3058,0
3059,0
3060,0
3062,0
3065,0
3066,0
3068,0
3071,0
3073,0
3086,0
3095,0
3114,0
3116,0
3119,0
3122,0
3123,0
3135,0
3141,0
3149,0
3163,0
3167,0
3168,0
3178,0
3184,0
3188,0
3189,0
3197,0
3200,0
3203,0
3215,0
3216,0
3220,0
3222,0
3225,0
3235,0
3241,0
3243,0
3245,0
3263,0
3265,0
3271,0
3277,0
3280,0
3284,0
3285,0
3288,0
3290,0
3292,0
3295,0
3299,0
3305,0
3317,0
3319,0
3331,0
3332,0
3342,0
3348,0
3351,0
3357,0
3363,0
3365,0
3369,0
3380,0
3381,0
3393,0
3396,0
3398,0
3407,0
3411,0
3418,0
3419,0
3425,0
3426,0
3436,0
3438,0
3442,0
3443,0
3445,0
3450,0
3453,0
3455,0
3456,0
3459,0
3482,0
3484,0
3489,0
3501,0
3505,0
3506,0
3513,0
3519,0
3523,0
3524,0
3528,0
3530,0
3533,0
3538,0
3551,0
3558,0
3563,0
3572,0
3573,0
3576,0
3581,0
3585,0
3586,0
3589,0
3596,0
3600,0
3609,0
3610,0
3618,0
3624,0
3625,0
3630,0
3631,0
3635,0
3638,0
3639,0
3641,0
3642,0
3646,0
3649,0
3650,0
3652,0
3658,0
3666,0
3667,0
3670,0
3684,0
3686,0
3687,0
3693,0
3696,0
3698,0
3700,0
3717,0
3718,0
3720,0
3727,0
3728,0
3737,0
3739,0
3750,0
3751,0
3755,0
3758,0
3762,0
3764,0
3771,0
3790,0
3796,0
3797,0
3800,0
3801,0
3807,0
3818,0
3820,0
3821,0
3825,0
3829,0
3830,0
3832,0
3839,0
3840,0
3854,0
3860,0
3867,0
3873,0
3876,0
3879,0
3880,0
3883,0
3887,0
3888,0
3894,0
3895,0
3900,0
3910,0
3918,0
3921,0
3924,0
3930,0
3931,0
3939,0
3957,0
3960,0
3965,0
3987,0
3991,0
3993,0
3999,0
4007,0
4011,0
4036,0
4041,0
4042,0
4047,0
4049,0
4051,0
4057,0
4059,0
4074,0
4075,0
4076,0
4080,0
4081,0
4085,0
4093,0
4094,0
4095,0
4096,0
4099,0
4100,0
4101,0
4106,0
4107,0
4121,0
4123,0
4125,0
4128,0
4136,0
4137,0
4140,0
4150,0
4152,0
4158,0
4163,0
4181,0
4196,0
4206,0
4211,0
4212,0
4215,0
4216,0
4217,0
4221,0
4222,0
4225,0
4227,0
4234,0
4254,0
4257,0
4258,0
4261,0
4262,0
4266,0
4270,0
4273,0
4275,0
4276,0
4286,0
4289,0
4294,0
4295,0
4298,0
4307,0
4316,0
4319,0
4323,0
4332,0
4334,0
4342,0
4345,0
4346,0
4347,0
4362,0
4363,0
4375,0
4385,0
4387,0
4415,0
4419,0
4422,0
4425,0
4426,0
4433,0
4436,0
4452,0
4466,0
4471,0
4484,0
4490,0
4498,0
4502,0
4504,0
4514,0
4515,0
4516,0
4529,0
4533,0
4535,0
4536,0
4560,0
4566,0
4613,0
4619,0
4637,0
4641,0
4650,0
4651,0
4652,0
4655,0
4656,0
4659,0
4661,0
4672,0
4673,0
4675,0
4678,0
4685,0
4689,0
4692,0
4693,0
4703,0
4707,0
4709,0
4722,0
4724,0
4725,0
4726,0
4731,0
4735,0
4740,0
4742,0
4745,0
4751,0
4752,0
4753,0
4762,0
4765,0
4767,0
4771,0
4775,0
4781,0
4782,0
4788,0
4799,0
4801,0
4811,0
4816,0
4818,0
4821,0
4832,0
4836,0
4838,0
4857,0
4864,0
4866,0
4867,0
4868,0
4870,0
4873,0
4874,0
4876,0
4880,0
4881,0
4885,0
4889,0
4892,0
4895,0
4912,0
4914,0
4920,0
4921,0
4923,0
4930,0
4932,0
4938,0
4939,0
4946,0
4948,0
4949,0
4950,0
4957,0
4958,0
4960,0
4962,0
4966,0
4974,0
4982,0
4989,0
4995,0
5007,0
5016,0
5021,0
5026,0
5028,0
5032,0
5043,0
5045,0
5046,0
5060,0
5061,0
5073,0
5076,0
5078,0
5084,0
5085,0
5092,0
5094,0
5098,0
5110,0
5122,0
5127,0
5128,0
5139,0
5144,0
5158,0
5167,0
5175,0
5190,0
5194,0
5201,0
5202,0
5205,0
5211,0
5214,0
5216,0
5217,0
5221,0
5225,0
5226,0
5227,0
5230,0
5245,0
5248,0
5249,0
5250,0
5255,0
5261,0
5272,0
5273,0
5274,0
5275,0
5278,0
5280,0
5286,0
5288,0
5290,0
5294,0
5295,0
5301,0
5309,0
5315,0
5322,0
5323,0
5339,0
5348,0
5350,0
5353,0
5365,0
5379,0
5394,0
5404,0
5406,0
5407,0
5408,0
5410,0
5411,0
5422,0
5435,0
5441,0
5454,0
5459,0
5464,0
5469,0
5477,0
5481,0
5487,0
5496,0
5499,0
5502,0
5504,0
5506,0
5507,0
5511,0
5512,0
5515,0
5517,0
5518,0
5521,0
5527,0
5528,0
5534,0
5535,0
5538,0
5539,0
5543,0
5545,0
5549,0
5550,0
5555,0
5557,0
5558,0
5560,0
5569,0
5570,0
5576,0
5581,0
5586,0
5588,0
5591,0
5595,0
5598,0
5599,0
5601,0
5611,0
5620,0
5625,0
5626,0
5631,0
5632,0
5633,0
5634,0
5636,0
5637,0
5638,0
5641,0
5646,0
5655,0
5663,0
5665,0
5666,0
5678,0
5680,0
5682,0
5684,0
5687,0
5696,0
5698,0
5700,0
5701,0
5702,0
5704,0
5706,0
5707,0
5716,0
5718,0
5720,0
5734,0
5735,0
5737,0
5740,0
5742,0
5743,0
5744,0
5746,0
5749,0
5751,0
5762,0
5763,0
5772,0
5776,0
5777,0
5782,0
5785,0
5786,0
5794,0
5800,0
5823,0
5835,0
5837,0
5840,0
5852,0
5855,0
5859,0
5862,0
5863,0
5864,0
5868,0
5883,0
5890,0
5894,0
5897,0
5900,0
5907,0
5913,0
5914,0
5919,0
5920,0
5931,0
5935,0
5940,0
5943,0
5948,0
5949,0
5952,0
5964,0
5965,0
5969,0
5975,0
5991,0
5994,0
5996,0
6006,0
6010,0
6019,0
6029,0
6033,0
6045,0
6046,0
6049,0
6050,0
6054,0
6057,0
6058,0
6063,0
6064,0
6079,0
6080,0
6088,0
6093,0
6095,0
6102,0
6112,0
6114,0
6118,0
6119,0
6125,0
6135,0
6136,0
6154,0
6157,0
6163,0
6169,0
6170,0
6171,0
6177,0
6181,0
6185,0
6189,0
6195,0
6203,0
6213,0
6218,0
6224,0
6226,0
6230,0
6244,0
6245,0
6248,0
6257,0
6258,0
6262,0
6267,0
6272,0
6274,0
6278,0
6279,0
6281,0
6286,0
6307,0
6309,0
6314,0
6315,0
6319,0
6324,0
6331,0
6334,0
6336,0
6337,0
6340,0
6358,0
6359,0
6368,0
6370,0
6372,0
6375,0
6399,0
6401,0
6413,0
6415,0
6418,0
6421,0
6422,0
6431,0
6436,0
6438,0
6448,0
6450,0
6463,0
6466,0
6468,0
6478,0
6493,0
6503,0
6505,0
6506,0
6526,0
6527,0
6530,0
6531,0
6534,0
6540,0
6547,0
6548,0
6549,0
6562,0
6572,0
6576,0
6577,0
6581,0
6588,0
6589,0
6594,0
6596,0
6599,0
6617,0
6620,0
6627,0
6628,0
6629,0
6631,0
6635,0
6638,0
6643,0
6646,0
6648,0
6650,0
6657,0
6673,0
6674,0
6676,0
6679,0
6684,0
6686,0
6692,0
6699,0
6704,0
6717,0
6722,0
6724,0
6738,0
6749,0
6766,0
6771,0
6778,0
6782,0
6786,0
6790,0
6791,0
6809,0
6816,0
6840,0
6843,0
6844,0
6847,0
6853,0
6855,0
6856,0
6861,0
6874,0
6885,0
6888,0
6889,0
6896,0
6899,0
6913,0
6919,0
6920,0
6921,0
6934,0
6935,0
6938,0
6940,0
6943,0
6946,0
6949,0
6951,0
6955,0
6962,0
6966,0
6973,0
6981,0
6985,0
6986,0
6987,0
6996,0
6998,0
6999,0
7010,0
7019,0
7021,0
7023,0
7026,0
7028,0
7030,0
7032,0
7052,0
7053,0
7056,0
7057,0
7063,0
7065,0
7070,0
7078,0
7079,0
7087,0
7089,0
7093,0
7103,0
7110,0
7111,0
7119,0
7120,0
7125,0
7138,0
7142,0
7145,0
7146,0
7147,0
7165,0
7166,0
7175,0
7185,0
7190,0
7196,0
7197,0
7205,0
7211,0
7212,0
7214,0
7228,0
7238,0
7241,0
7251,0
7254,0
7265,0
7276,0
7278,0
7292,0
7304,0
7308,0
7310,0
7311,0
7313,0
7316,0
7320,0
7323,0
7325,0
7332,0
7336,0
7345,0
7366,0
7368,0
7373,0
7376,0
7377,0
7378,0
7381,0
7385,0
7386,0
7394,0
7395,0
7400,0
7401,0
7408,0
7413,0
7418,0
7419,0
7420,0
7423,0
7434,0
7448,0
7453,0
7455,0
7457,0
7458,0
7461,0
7462,0
7482,0
7486,0
7487,0
7488,0
7495,0
7496,0
7497,0
7500,0
7510,0
7518,0
7526,0
7528,0
7538,0
7539,0
7545,0
7554,0
7559,0
7564,0
7569,0
7570,0
7573,0
7576,0
7577,0
7580,0
7582,0
7587,0
7589,0
7593,0
7594,0
7595,0
7596,0
7597,0
7600,0
7602,0
7603,0
7607,0
7610,0
7614,0
7618,0
7622,0
13,1
16,1
27,1
33,1
36,1
38,1
39,1
41,1
54,1
58,1
64,1
68,1
69,1
73,1
76,1
77,1
79,1
83,1
85,1
86,1
93,1
110,1
115,1
118,1
131,1
132,1
139,1
148,1
149,1
151,1
152,1
155,1
159,1
162,1
166,1
168,1
173,1
176,1
182,1
184,1
187,1
192,1
205,1
213,1
225,1
252,1
253,1
254,1
259,1
262,1
264,1
265,1
266,1
274,1
282,1
283,1
288,1
291,1
298,1
314,1
316,1
327,1
333,1
349,1
351,1
352,1
361,1
368,1
371,1
382,1
387,1
401,1
405,1
411,1
418,1
419,1
425,1
431,1
439,1
444,1
467,1
475,1
485,1
495,1
496,1
524,1
527,1
528,1
530,1
539,1
547,1
549,1
550,1
551,1
561,1
565,1
572,1
595,1
599,1
606,1
612,1
614,1
620,1
624,1
640,1
645,1
648,1
654,1
658,1
662,1
673,1
686,1
693,1
694,1
705,1
709,1
718,1
719,1
721,1
723,1
729,1
746,1
748,1
757,1
759,1
761,1
766,1
769,1
772,1
773,1
784,1
796,1
813,1
816,1
819,1
826,1
829,1
830,1
831,1
834,1
835,1
839,1
849,1
857,1
861,1
866,1
874,1
881,1
885,1
890,1
897,1
902,1
914,1
920,1
930,1
931,1
938,1
940,1
957,1
963,1
967,1
969,1
970,1
985,1
988,1
993,1
999,1
1005,1
1011,1
1016,1
1023,1
1029,1
1035,1
1043,1
1050,1
1054,1
1055,1
1069,1
1072,1
1078,1
1080,1
1081,1
1083,1
1085,1
1088,1
1089,1
1092,1
1097,1
1102,1
1113,1
1119,1
1138,1
1143,1
1149,1
1150,1
1151,1
1154,1
1156,1
1160,1
1161,1
1176,1
1185,1
1186,1
1189,1
1194,1
1198,1
1215,1
1219,1
1223,1
1227,1
1231,1
1239,1
1252,1
1254,1
1266,1
1268,1
1286,1
1289,1
1290,1
1292,1
1299,1
1300,1
1302,1
1313,1
1320,1
1324,1
1349,1
1358,1
1360,1
1361,1
1370,1
1386,1
1392,1
1394,1
1413,1
1417,1
1430,1
1432,1
1437,1
1439,1
1440,1
1443,1
1447,1
1448,1
1449,1
1452,1
1453,1
1464,1
1467,1
1468,1
1469,1
1474,1
1477,1
1480,1
1481,1
1488,1
1489,1
1493,1
1494,1
1498,1
1506,1
1509,1
1510,1
1537,1
1542,1
1549,1
1554,1
1558,1
1560,1
1561,1
1574,1
1583,1
1584,1
1586,1
1588,1
1593,1
1597,1
1627,1
1630,1
1638,1
1639,1
1646,1
1649,1
1672,1
1673,1
1677,1
1685,1
1699,1
1702,1
1705,1
1714,1
1718,1
1729,1
1731,1
1738,1
1747,1
1765,1
1771,1
1776,1
1780,1
1782,1
1784,1
1787,1
1794,1
1797,1
1799,1
1804,1
1817,1
1823,1
1828,1
1829,1
1830,1
1833,1
1836,1
1839,1
1840,1
1848,1
1850,1
1852,1
1854,1
1855,1
1858,1
1860,1
1875,1
1876,1
1878,1
1879,1
1882,1
1896,1
1902,1
1905,1
1906,1
1915,1
1929,1
1931,1
1933,1
1934,1
1937,1
1942,1
1948,1
1949,1
1956,1
1958,1
1973,1
1981,1
1986,1
1991,1
1996,1
2000,1
2012,1
2015,1
2016,1
2021,1
2037,1
2054,1
2058,1
2064,1
2069,1
2071,1
2076,1
2080,1
2081,1
2082,1
2085,1
2096,1
2102,1
2103,1
2113,1
2117,1
2122,1
2124,1
2127,1
2130,1
2139,1
2147,1
2149,1
2153,1
2154,1
2159,1
2164,1
2170,1
2177,1
2179,1
2183,1
2184,1
2187,1
2192,1
2199,1
2205,1
2208,1
2218,1
2229,1
2241,1
2246,1
2255,1
2260,1
2265,1
2266,1
2267,1
2270,1
2281,1
2295,1
2300,1
2302,1
2303,1
2307,1
2308,1
2309,1
2315,1
2331,1
2334,1
2340,1
2354,1
2356,1
2357,1
2359,1
2360,1
2363,1
2368,1
2370,1
2371,1
2377,1
2388,1
2389,1
2396,1
2399,1
2401,1
2402,1
2410,1
2411,1
2420,1
2422,1
2432,1
2438,1
2440,1
2444,1
2451,1
2453,1
2454,1
2455,1
2481,1
2487,1
2492,1
2499,1
2516,1
2518,1
2519,1
2520,1
2524,1
2525,1
2528,1
2530,1
2533,1
2534,1
2538,1
2544,1
2546,1
2551,1
2552,1
2561,1
2564,1
2566,1
2577,1
2580,1
2584,1
2587,1
2588,1
2601,1
2614,1
2615,1
2617,1
2626,1
2627,1
2628,1
2630,1
2636,1
2637,1
2642,1
2645,1
2651,1
2668,1
2669,1
2675,1
2676,1
2677,1
2686,1
2693,1
2696,1
2698,1
2700,1
2709,1
2719,1
2722,1
2727,1
2728,1
2732,1
2733,1
2745,1
2751,1
2752,1
2757,1
2769,1
2781,1
2782,1
2789,1
2790,1
2797,1
2804,1
2811,1
2817,1
2826,1
2835,1
2842,1
2843,1
2850,1
2852,1
2864,1
2868,1
2883,1
2884,1
2885,1
2889,1
2891,1
2899,1
2907,1
2911,1
2918,1
2921,1
2924,1
2927,1
2931,1
2933,1
2934,1
2945,1
2950,1
2952,1
2953,1
2960,1
2961,1
2962,1
2970,1
2973,1
2974,1
2976,1
2982,1
2996,1
3016,1
3023,1
3024,1
3034,1
3053,1
3056,1
3061,1
3069,1
3076,1
3080,1
3088,1
3101,1
3103,1
3106,1
3110,1
3112,1
3118,1
3137,1
3142,1
3150,1
3160,1
3166,1
3179,1
3193,1
3209,1
3213,1
3214,1
3221,1
3223,1
3226,1
3238,1
3246,1
3249,1
3258,1
3259,1
3268,1
3270,1
3279,1
3293,1
3300,1
3301,1
3302,1
3303,1
3308,1
3310,1
3315,1
3316,1
3318,1
3324,1
3326,1
3336,1
3339,1
3343,1
3349,1
3350,1
3356,1
3359,1
3377,1
3378,1
3384,1
3389,1
3390,1
3399,1
3410,1
3413,1
3414,1
3421,1
3422,1
3427,1
3435,1
3441,1
3444,1
3448,1
3452,1
3454,1
3470,1
3473,1
3485,1
3488,1
3490,1
3492,1
3497,1
3502,1
3508,1
3522,1
3545,1
3550,1
3554,1
3557,1
3559,1
3561,1
3562,1
3565,1
3567,1
3571,1
3583,1
3588,1
3590,1
3591,1
3595,1
3601,1
3616,1
3620,1
3636,1
3647,1
3661,1
3663,1
3664,1
3671,1
3672,1
3673,1
3678,1
3680,1
3682,1
3689,1
3690,1
3694,1
3699,1
3711,1
3712,1
3714,1
3719,1
3722,1
3723,1
3726,1
3733,1
3735,1
3740,1
3741,1
3761,1
3763,1
3766,1
3780,1
3787,1
3792,1
3794,1
3798,1
3804,1
3805,1
3806,1
3811,1
3813,1
3815,1
3817,1
3823,1
3835,1
3841,1
3842,1
3850,1
3852,1
3858,1
3859,1
3863,1
3864,1
3877,1
3881,1
3898,1
3901,1
3902,1
3905,1
3907,1
3911,1
3915,1
3932,1
3944,1
3950,1
3953,1
3954,1
3962,1
3964,1
3967,1
3970,1
3971,1
3978,1
3980,1
3995,1
4001,1
4008,1
4014,1
4022,1
4023,1
4031,1
4032,1
4037,1
4046,1
4050,1
4066,1
4071,1
4078,1
4090,1
4091,1
4097,1
4109,1
4110,1
4116,1
4124,1
4127,1
4131,1
4133,1
4134,1
4141,1
4147,1
4156,1
4162,1
4170,1
4172,1
4174,1
4180,1
4182,1
4184,1
4195,1
4197,1
4201,1
4207,1
4210,1
4213,1
4223,1
4228,1
4230,1
4248,1
4251,1
4253,1
4259,1
4263,1
4265,1
4272,1
4274,1
4280,1
4282,1
4291,1
4293,1
4308,1
4313,1
4315,1
4327,1
4328,1
4329,1
4349,1
4352,1
4355,1
4356,1
4357,1
4371,1
4372,1
4376,1
4389,1
4391,1
4394,1
4395,1
4396,1
4399,1
4401,1
4408,1
4414,1
4418,1
4423,1
4432,1
4434,1
4435,1
4439,1
4441,1
4443,1
4455,1
4460,1
4465,1
4472,1
4477,1
4480,1
4485,1
4489,1
4491,1
4492,1
4497,1
4503,1
4517,1
4521,1
4534,1
4537,1
4539,1
4548,1
4552,1
4570,1
4571,1
4572,1
4579,1
4586,1
4588,1
4589,1
4594,1
4595,1
4596,1
4599,1
4601,1
4606,1
4624,1
4628,1
4630,1
4631,1
4635,1
4639,1
4640,1
4642,1
4643,1
4644,1
4649,1
4654,1
4658,1
4662,1
4666,1
4668,1
4680,1
4687,1
4691,1
4698,1
4700,1
4706,1
4710,1
4716,1
4723,1
4727,1
4728,1
4736,1
4743,1
4749,1
4756,1
4770,1
4778,1
4780,1
4784,1
4786,1
4791,1
4793,1
4800,1
4802,1
4803,1
4806,1
4814,1
4817,1
4825,1
4826,1
4834,1
4840,1
4846,1
4849,1
4850,1
4853,1
4859,1
4860,1
4861,1
4869,1
4875,1
4882,1
4893,1
4899,1
4903,1
4904,1
4907,1
4909,1
4927,1
4931,1
4936,1
4942,1
4947,1
4951,1
4952,1
4954,1
4964,1
4968,1
4969,1
4972,1
4973,1
4978,1
4981,1
4985,1
4988,1
4993,1
4994,1
4998,1
5002,1
5006,1
5017,1
5023,1
5025,1
5027,1
5039,1
5047,1
5059,1
5068,1
5072,1
5080,1
5088,1
5095,1
5108,1
5109,1
5112,1
5135,1
5145,1
5148,1
5149,1
5155,1
5162,1
5163,1
5172,1
5174,1
5177,1
5183,1
5186,1
5192,1
5195,1
5197,1
5207,1
5229,1
5231,1
5232,1
5233,1
5237,1
5242,1
5256,1
5262,1
5267,1
5276,1
5284,1
5292,1
5308,1
5329,1
5344,1
5351,1
5354,1
5355,1
5358,1
5359,1
5360,1
5364,1
5366,1
5373,1
5374,1
5376,1
5381,1
5382,1
5383,1
5385,1
5389,1
5390,1
5391,1
5396,1
5397,1
5400,1
5414,1
5415,1
5429,1
5432,1
5438,1
5440,1
5442,1
5443,1
5445,1
5448,1
5449,1
5451,1
5452,1
5455,1
5456,1
5457,1
5460,1
5463,1
5466,1
5468,1
5482,1
5485,1
5492,1
5505,1
5514,1
5532,1
5533,1
5540,1
5544,1
5552,1
5553,1
5561,1
5571,1
5575,1
5578,1
5584,1
5600,1
5602,1
5603,1
5604,1
5612,1
5613,1
5615,1
5616,1
5617,1
5618,1
5621,1
5622,1
5624,1
5627,1
5629,1
5630,1
5640,1
5642,1
5643,1
5645,1
5652,1
5653,1
5658,1
5659,1
5667,1
5683,1
5686,1
5689,1
5692,1
5699,1
5711,1
5712,1
5723,1
5725,1
5731,1
5732,1
5745,1
5756,1
5757,1
5758,1
5761,1
5783,1
5792,1
5795,1
5805,1
5806,1
5810,1
5818,1
5824,1
5828,1
5848,1
5857,1
5867,1
5871,1
5879,1
5881,1
5882,1
5886,1
5893,1
5899,1
5906,1
5908,1
5916,1
5928,1
5929,1
5930,1
5932,1
5938,1
5951,1
5955,1
5957,1
5970,1
5972,1
5974,1
5988,1
5989,1
5998,1
6001,1
6002,1
6011,1
6012,1
6015,1
6016,1
6020,1
6030,1
6042,1
6047,1
6055,1
6056,1
6060,1
6062,1
6067,1
6068,1
6069,1
6073,1
6074,1
6075,1
6076,1
6078,1
6086,1
6092,1
6098,1
6101,1
6104,1
6107,1
6110,1
6111,1
6113,1
6117,1
6122,1
6126,1
6129,1
6133,1
6151,1
6152,1
6158,1
6161,1
6164,1
6174,1
6175,1
6176,1
6179,1
6184,1
6188,1
6192,1
6199,1
6200,1
6206,1
6210,1
6215,1
6217,1
6220,1
6238,1
6242,1
6247,1
6249,1
6252,1
6260,1
6263,1
6264,1
6269,1
6273,1
6287,1
6288,1
6290,1
6298,1
6304,1
6311,1
6317,1
6321,1
6323,1
6339,1
6344,1
6347,1
6367,1
6374,1
6377,1
6380,1
6383,1
6392,1
6396,1
6400,1
6410,1
6423,1
6424,1
6425,1
6433,1
6434,1
6435,1
6442,1
6446,1
6455,1
6462,1
6464,1
6469,1
6479,1
6483,1
6491,1
6497,1
6499,1
6501,1
6509,1
6516,1
6517,1
6524,1
6532,1
6533,1
6544,1
6546,1
6565,1
6567,1
6571,1
6584,1
6586,1
6604,1
6616,1
6622,1
6641,1
6663,1
6669,1
6670,1
6671,1
6672,1
6701,1
6712,1
6715,1
6718,1
6720,1
6723,1
6725,1
6727,1
6730,1
6732,1
6734,1
6739,1
6743,1
6752,1
6754,1
6763,1
6765,1
6767,1
6773,1
6776,1
6781,1
6785,1
6796,1
6798,1
6800,1
6802,1
6810,1
6812,1
6813,1
6818,1
6823,1
6827,1
6831,1
6835,1
6839,1
6842,1
6850,1
6854,1
6859,1
6862,1
6866,1
6875,1
6877,1
6880,1
6882,1
6886,1
6893,1
6900,1
6908,1
6924,1
6926,1
6958,1
6959,1
6968,1
6971,1
6972,1
6976,1
6983,1
6984,1
6990,1
6993,1
7001,1
7002,1
7013,1
7024,1
7029,1
7033,1
7038,1
7043,1
7059,1
7060,1
7062,1
7064,1
7068,1
7074,1
7077,1
7080,1
7082,1
7085,1
7088,1
7092,1
7095,1
7098,1
7100,1
7106,1
7113,1
7115,1
7122,1
7124,1
7126,1
7131,1
7137,1
7139,1
7141,1
7144,1
7155,1
7158,1
7161,1
7164,1
7173,1
7176,1
7183,1
7184,1
7186,1
7191,1
7192,1
7208,1
7210,1
7216,1
7219,1
7223,1
7225,1
7231,1
7233,1
7235,1
7239,1
7240,1
7243,1
7244,1
7257,1
7260,1
7267,1
7274,1
7275,1
7283,1
7288,1
7296,1
7297,1
7303,1
7315,1
7319,1
7321,1
7324,1
7326,1
7327,1
7330,1
7331,1
7346,1
7354,1
7355,1
7357,1
7358,1
7359,1
7360,1
7362,1
7364,1
7367,1
7371,1
7372,1
7383,1
7384,1
7397,1
7399,1
7403,1
7406,1
7411,1
7416,1
7426,1
7427,1
7428,1
7435,1
7440,1
7452,1
7454,1
7467,1
7470,1
7476,1
7481,1
7485,1
7491,1
7509,1
7512,1
7516,1
7522,1
7530,1
7533,1
7536,1
7540,1
7553,1
7556,1
7560,1
7565,1
7567,1
7584,1
7586,1
7609,1
7612,1
7619,1
6146,2
6147,2
4103,2
2055,2
11,2
4108,2
6156,2
17,2
4114,2
4115,2
4113,2
2070,2
4118,2
6168,2
25,2
4120,2
30,2
2083,2
4132,2
2086,2
4135,2
40,2
2089,2
42,2
43,2
44,2
2044,2
2094,2
2090,2
4144,2
6193,2
2100,2
57,2
6205,2
62,2
4161,2
67,2
71,2
4171,2
6219,2
6223,2
81,2
82,2
2131,2
4179,2
2133,2
2137,2
6234,2
4186,2
92,2
6236,2
4191,2
4192,2
102,2
2151,2
4198,2
4202,2
113,2
114,2
6265,2
4219,2
2173,2
128,2
130,2
2178,2
4231,2
136,2
4233,2
2186,2
138,2
4239,2
4240,2
145,2
4242,2
6291,2
6295,2
6296,2
2201,2
157,2
6301,2
2207,2
163,2
2213,2
4267,2
2219,2
2221,2
6318,2
2223,2
6140,2
4271,2
2225,2
6322,2
181,2
6326,2
2231,2
4277,2
185,2
4281,2
6143,2
6333,2
2238,2
191,2
4288,2
4290,2
2242,2
6343,2
202,2
203,2
2254,2
6351,2
4303,2
209,2
4306,2
6354,2
2257,2
6356,2
2262,2
6555,2
4312,2
6361,2
2269,2
4317,2
224,2
6369,2
227,2
229,2
4325,2
6376,2
233,2
234,2
2280,2
2284,2
6381,2
4335,2
2290,2
6387,2
6388,2
244,2
6389,2
6391,2
6398,2
255,2
4351,2
4353,2
2306,2
6403,2
261,2
6405,2
4360,2
6409,2
2316,2
4365,2
271,2
2320,2
4373,2
2326,2
279,2
281,2
4377,2
284,2
6430,2
286,2
2336,2
290,2
2338,2
6437,2
2344,2
301,2
304,2
4402,2
4404,2
6452,2
311,2
4407,2
2361,2
6457,2
4412,2
2365,2
4413,2
319,2
2367,2
320,2
4416,2
6467,2
2373,2
2374,2
6473,2
334,2
2383,2
2390,2
345,2
4442,2
4444,2
6496,2
354,2
2403,2
4454,2
360,2
6507,2
2412,2
364,2
4459,2
367,2
2416,2
4461,2
2418,2
4467,2
4468,2
4469,2
2421,2
6521,2
378,2
6523,2
380,2
6525,2
2429,2
4479,2
6182,2
6529,2
386,2
2435,2
2434,2
2437,2
4486,2
4487,2
6536,2
6537,2
2445,2
398,2
399,2
4494,2
2448,2
400,2
6543,2
2452,2
404,2
406,2
4500,2
6552,2
6553,2
6554,2
4507,2
4508,2
410,2
6558,2
2461,2
6557,2
416,2
2466,2
417,2
420,2
2469,2
6559,2
4520,2
427,2
2476,2
4528,2
432,2
2480,2
6579,2
2485,2
2486,2
2488,2
2489,2
4538,2
6585,2
4540,2
2494,2
2496,2
451,2
6595,2
2503,2
6601,2
457,2
4556,2
4557,2
6607,2
465,2
466,2
4563,2
468,2
6613,2
469,2
6615,2
6610,2
473,2
2522,2
6618,2
4573,2
4574,2
4578,2
4582,2
2536,2
6633,2
488,2
490,2
4584,2
493,2
6639,2
2543,2
6642,2
499,2
498,2
500,2
6644,2
503,2
4598,2
6649,2
2556,2
6654,2
4610,2
2565,2
517,2
6664,2
6665,2
6666,2
2571,2
4620,2
2573,2
525,2
526,2
6667,2
4618,2
533,2
536,2
6681,2
6680,2
4638,2
2590,2
6689,2
2594,2
548,2
2597,2
6695,2
552,2
6697,2
6698,2
2603,2
2604,2
4648,2
553,2
555,2
559,2
2607,2
6706,2
6707,2
2611,2
567,2
568,2
4665,2
578,2
581,2
6728,2
4681,2
589,2
2638,2
4686,2
6737,2
2644,2
596,2
4694,2
2647,2
2648,2
6750,2
6751,2
6753,2
4708,2
4712,2
618,2
2666,2
6764,2
2670,2
2673,2
4721,2
629,2
2682,2
6780,2
2685,2
4732,2
639,2
6789,2
6792,2
650,2
6797,2
657,2
4754,2
659,2
4757,2
4759,2
4760,2
6808,2
2714,2
664,2
668,2
674,2
675,2
2724,2
6821,2
2725,2
4772,2
4777,2
681,2
683,2
685,2
2734,2
6833,2
4792,2
6841,2
2746,2
696,2
699,2
4797,2
6846,2
701,2
2750,2
6849,2
707,2
2760,2
4809,2
6857,2
713,2
2763,2
4813,2
4812,2
6863,2
2767,2
715,2
4820,2
6870,2
730,2
732,2
4830,2
739,2
4837,2
741,2
743,2
2791,2
4841,2
742,2
6891,2
4843,2
2798,2
6894,2
751,2
6897,2
754,2
4851,2
4854,2
6904,2
763,2
6910,2
6912,2
6917,2
2825,2
6930,2
6931,2
4883,2
2837,2
4891,2
2845,2
2846,2
799,2
2848,2
2849,2
4894,2
800,2
4900,2
4901,2
6950,2
805,2
2847,2
6953,2
2858,2
808,2
4908,2
809,2
4910,2
2863,2
6960,2
4913,2
2865,2
820,2
4917,2
2870,2
4919,2
2871,2
4918,2
825,2
2875,2
2876,2
2878,2
6975,2
838,2
4935,2
2890,2
6988,2
844,2
847,2
851,2
852,2
856,2
859,2
7006,2
867,2
7012,2
4967,2
7017,2
2928,2
2929,2
4979,2
4980,2
2942,2
7042,2
2946,2
2949,2
906,2
908,2
909,2
2958,2
7055,2
912,2
2963,2
5019,2
924,2
923,2
5024,2
2977,2
7072,2
7075,2
2980,2
934,2
5033,2
5038,2
5040,2
944,2
947,2
7091,2
951,2
3009,2
7107,2
5062,2
3014,2
5063,2
3017,2
5064,2
3022,2
974,2
5071,2
5070,2
5077,2
5079,2
7127,2
3032,2
7130,2
5082,2
983,2
7134,2
991,2
5090,2
3044,2
5093,2
3047,2
5096,2
5097,2
1001,2
1002,2
1004,2
5101,2
1006,2
3055,2
7152,2
1009,2
1007,2
1012,2
5111,2
3063,2
1017,2
5114,2
1015,2
1018,2
1019,2
7169,2
1026,2
7171,2
5124,2
7174,2
3081,2
1034,2
7179,2
3085,2
7181,2
1039,2
1038,2
3090,2
7187,2
1044,2
1047,2
5146,2
5147,2
5151,2
3104,2
7202,2
7203,2
3108,2
7206,2
3113,2
5161,2
1067,2
1073,2
7218,2
1074,2
1076,2
3125,2
5176,2
7226,2
3133,2
5187,2
7237,2
3145,2
1101,2
1103,2
1104,2
1105,2
7250,2
3154,2
1108,2
3156,2
7253,2
1111,2
7252,2
5209,2
3161,2
3165,2
7263,2
1120,2
3171,2
7269,2
5222,2
1127,2
7272,2
1129,2
1130,2
3177,2
7277,2
3183,2
3185,2
7282,2
7284,2
5238,2
5240,2
7293,2
3198,2
1155,2
5252,2
3205,2
3206,2
3208,2
7305,2
5257,2
3211,2
7307,2
3218,2
3219,2
1172,2
5269,2
1174,2
1170,2
1171,2
5271,2
7322,2
5279,2
5282,2
3240,2
3242,2
3244,2
7344,2
3251,2
7347,2
7349,2
3254,2
3256,2
7353,2
1214,2
3262,2
3264,2
5312,2
7363,2
5317,2
5320,2
1226,2
5325,2
5327,2
7375,2
1234,2
3283,2
5332,2
7379,2
3286,2
3287,2
1240,2
3289,2
7380,2
3294,2
7391,2
3297,2
7396,2
7398,2
3307,2
7404,2
1260,2
1264,2
7409,2
5362,2
5363,2
7414,2
5367,2
1272,2
1273,2
1274,2
5370,2
5369,2
1270,2
1280,2
7425,2
3333,2
3334,2
7429,2
7430,2
3337,2
3338,2
5387,2
5388,2
7436,2
7433,2
1295,2
5392,2
1293,2
5395,2
7444,2
5399,2
5402,2
5403,2
1314,2
7460,2
5413,2
5412,2
3367,2
5416,2
1321,2
5418,2
7466,2
3372,2
5427,2
1334,2
5431,2
1337,2
5433,2
3387,2
7484,2
3392,2
7490,2
3395,2
1348,2
3397,2
3402,2
3405,2
3408,2
3409,2
1363,2
7507,2
5462,2
7511,2
3416,2
1367,2
1372,2
7517,2
7521,2
1379,2
7524,2
1381,2
5479,2
7529,2
7531,2
1387,2
7532,2
1389,2
1393,2
7541,2
5494,2
1400,2
7547,2
7548,2
3451,2
5503,2
1408,2
1411,2
5509,2
7558,2
7557,2
3464,2
3465,2
3461,2
3471,2
5519,2
5523,2
7572,2
7575,2
3480,2
1434,2
5530,2
7578,2
5536,2
5537,2
7585,2
3494,2
7590,2
1446,2
3498,2
3499,2
5548,2
3504,2
5556,2
3510,2
5559,2
7606,2
7611,2
5564,2
3518,2
5568,2
1476,2
3525,2
7621,2
1482,2
5582,2
3537,2
3540,2
3544,2
5596,2
1502,2
1511,2
1512,2
3560,2
1514,2
1516,2
1517,2
3566,2
3568,2
1522,2
1524,2
1532,2
3580,2
1540,2
1541,2
1543,2
3592,2
3594,2
1547,2
5644,2
3597,2
1555,2
5651,2
1557,2
1562,2
3611,2
5660,2
3613,2
3614,2
1567,2
1565,2
3621,2
5669,2
5674,2
5677,2
1582,2
5679,2
5199,2
1590,2
5688,2
1595,2
3644,2
5694,2
3648,2
5703,2
3657,2
1611,2
1612,2
1613,2
3660,2
3659,2
5713,2
1619,2
5717,2
3669,2
1632,2
5729,2
5730,2
3681,2
3688,2
1641,2
5738,2
1645,2
7247,2
5747,2
3701,2
5750,2
1655,2
3704,2
3702,2
1653,2
3708,2
3709,2
1662,2
5759,2
1669,2
5769,2
1674,2
1678,2
5775,2
5774,2
3732,2
5788,2
3743,2
3745,2
5797,2
3753,2
5802,2
1706,2
3756,2
1713,2
5813,2
1720,2
5817,2
1722,2
5822,2
5826,2
5827,2
1733,2
5831,2
1736,2
3783,2
3788,2
1743,2
5842,2
5853,2
5854,2
3808,2
1760,2
3814,2
1768,2
5866,2
5869,2
1777,2
1779,2
3834,2
5885,2
1796,2
3848,2
1800,2
1802,2
5902,2
5904,2
1814,2
1815,2
5915,2
3868,2
1821,2
3869,2
3871,2
3872,2
1825,2
3878,2
1831,2
3882,2
1838,2
5934,2
5937,2
3890,2
1845,2
1846,2
1847,2
5944,2
3896,2
5946,2
5950,2
1857,2
5954,2
5953,2
1861,2
1862,2
1863,2
5959,2
1866,2
3916,2
3919,2
3923,2
1877,2
5976,2
5978,2
1883,2
1886,2
5982,2
1891,2
5990,2
3948,2
1911,2
6007,2
3961,2
1913,2
1914,2
6014,2
1920,2
6017,2
3968,2
1924,2
3974,2
6023,2
3975,2
3979,2
6031,2
6032,2
6036,2
6037,2
3989,2
1946,2
3996,2
6048,2
4003,2
4013,2
1967,2
1968,2
1969,2
1970,2
1971,2
4017,2
4021,2
4018,2
1976,2
4027,2
6077,2
4030,2
801,2
4039,2
6090,2
4044,2
4045,2
1998,2
6100,2
4055,2
4056,2
6105,2
2010,2
2011,2
6108,2
4058,2
2014,2
4062,2
4064,2
4069,2
2024,2
4073,2
6124,2
2029,2
2031,2
4079,2
6130,2
4083,2
4086,2
2042,2
4092,2
6141,2
6142,2
2047,2
6144,3
4098,3
4102,3
8,3
2056,3
2060,3
2063,3
4112,3
20,3
4117,3
6166,3
4119,3
2072,3
4122,3
2075,3
28,3
2078,3
4129,3
2087,3
45,3
49,3
2097,3
2099,3
52,3
6197,3
4151,3
55,3
2110,3
6208,3
2115,3
70,3
72,3
2121,3
2125,3
78,3
84,3
87,3
4188,3
2141,3
6237,3
103,3
4200,3
4204,3
108,3
6261,3
119,3
4218,3
4224,3
2180,3
6277,3
6276,3
135,3
4232,3
137,3
2185,3
6280,3
4238,3
143,3
2194,3
2195,3
146,3
2197,3
4247,3
2203,3
2204,3
6302,3
6306,3
165,3
6313,3
170,3
2222,3
177,3
178,3
2233,3
6330,3
4283,3
2237,3
196,3
4296,3
2249,3
2250,3
2252,3
4302,3
2256,3
6353,3
211,3
2259,3
4309,3
4310,3
2263,3
219,3
6364,3
6366,3
2272,3
4321,3
2273,3
6373,3
236,3
2286,3
4337,3
6385,3
6386,3
4340,3
4350,3
2305,3
2313,3
4361,3
2317,3
4366,3
2318,3
6414,3
2321,3
2322,3
2323,3
2325,3
4378,3
6429,3
4382,3
4386,3
4388,3
2341,3
4390,3
2343,3
4393,3
6443,3
2349,3
4398,3
6445,3
4400,3
2350,3
4403,3
6454,3
6459,3
6460,3
2366,3
318,3
6465,3
322,3
4417,3
324,3
6470,3
331,3
4429,3
6477,3
335,3
336,3
6482,3
338,3
6484,3
6487,3
4440,3
4953,3
6490,3
6489,3
6492,3
344,3
6494,3
350,3
4449,3
6498,3
355,3
4453,3
358,3
2408,3
4456,3
363,3
4462,3
4464,3
6514,3
2419,3
6518,3
6519,3
6522,3
2427,3
2431,3
384,3
388,3
390,3
391,3
2441,3
6539,3
6542,3
4496,3
402,3
403,3
4499,3
408,3
2456,3
4506,3
4519,3
6568,3
2474,3
4523,3
4525,3
2478,3
4527,3
4531,3
436,3
4532,3
2484,3
6583,3
440,3
4542,3
446,3
4545,3
4549,3
6597,3
4550,3
4551,3
4554,3
2507,3
6605,3
2510,3
2509,3
2512,3
2513,3
4561,3
2517,3
470,3
6614,3
4567,3
4569,3
6619,3
6621,3
479,3
4575,3
6625,3
2527,3
2537,3
4585,3
4587,3
492,3
2542,3
494,3
4593,3
502,3
4604,3
4605,3
6653,3
4607,3
4608,3
6655,3
514,3
6656,3
516,3
4614,3
519,3
2570,3
4622,3
2575,3
532,3
6677,3
6678,3
534,3
4632,3
537,3
6682,3
6685,3
542,3
2591,3
544,3
545,3
6690,3
2593,3
2596,3
6693,3
2600,3
554,3
6702,3
2608,3
6705,3
563,3
2612,3
6711,3
4663,3
2616,3
569,3
6713,3
4664,3
2623,3
6719,3
4674,3
4677,3
4679,3
2632,3
2635,3
6742,3
4697,3
6746,3
6748,3
4702,3
2656,3
610,3
6756,3
613,3
6759,3
2664,3
4713,3
6762,3
621,3
4718,3
623,3
2672,3
6769,3
626,3
631,3
633,3
635,3
2689,3
4738,3
6787,3
6788,3
2690,3
4739,3
647,3
2694,3
6794,3
4747,3
651,3
653,3
2701,3
6801,3
2707,3
6803,3
6805,3
4758,3
6807,3
2712,3
4761,3
2715,3
4763,3
2720,3
4769,3
676,3
4773,3
2726,3
4774,3
4783,3
6832,3
4785,3
2736,3
691,3
6837,3
6838,3
2743,3
4789,3
2748,3
6851,3
4804,3
710,3
2759,3
4808,3
2761,3
6860,3
2766,3
4815,3
6865,3
726,3
6871,3
6873,3
6879,3
2784,3
6881,3
2787,3
6883,3
4835,3
4844,3
2796,3
6895,3
2801,3
6898,3
2802,3
4852,3
756,3
758,3
2807,3
6906,3
4862,3
767,3
2814,3
2818,3
770,3
6918,3
6923,3
2828,3
6925,3
6928,3
4884,3
788,3
789,3
790,3
792,3
793,3
2841,3
791,3
798,3
6944,3
6945,3
6948,3
6956,3
812,3
2862,3
6961,3
4915,3
822,3
824,3
4925,3
4926,3
4928,3
6977,3
836,3
2887,3
842,3
2892,3
2894,3
2895,3
6992,3
4943,3
2898,3
2901,3
6997,3
854,3
853,3
2905,3
858,3
4955,3
7003,3
2909,3
7005,3
7007,3
855,3
865,3
4961,3
7011,3
868,3
2912,3
2919,3
4970,3
2923,3
4971,3
878,3
880,3
7025,3
886,3
2935,3
887,3
4986,3
4987,3
7036,3
2941,3
4990,3
894,3
895,3
7037,3
4991,3
900,3
4997,3
4999,3
7048,3
5003,3
2956,3
2955,3
2957,3
5008,3
5473,3
7058,3
5011,3
7061,3
5013,3
5015,3
929,3
2981,3
5030,3
2984,3
939,3
7083,3
941,3
5041,3
2993,3
7090,3
5044,3
5048,3
7097,3
953,3
3003,3
5052,3
5049,3
5054,3
3007,3
960,3
7108,3
7114,3
5067,3
7116,3
7117,3
3027,3
7123,3
3030,3
7129,3
3038,3
990,3
3041,3
3042,3
5091,3
3046,3
3050,3
5099,3
5100,3
1003,3
7151,3
5104,3
3057,3
5107,3
5121,3
3074,3
7170,3
1027,3
5125,3
3078,3
7177,3
1036,3
5136,3
1042,3
5141,3
3094,3
3097,3
7198,3
3102,3
7200,3
3105,3
5154,3
3107,3
1060,3
7204,3
5159,3
5160,3
7209,3
1068,3
5166,3
5168,3
3121,3
5170,3
1075,3
5171,3
7224,3
3130,3
3131,3
1084,3
1086,3
7236,3
5189,3
1094,3
3147,3
7245,3
7246,3
3151,3
5200,3
3153,3
1109,3
3157,3
3159,3
1114,3
1115,3
5210,3
3162,3
5212,3
1122,3
7266,3
5220,3
1125,3
5218,3
7271,3
7273,3
1135,3
1139,3
1140,3
7285,3
3190,3
1141,3
3192,3
1145,3
3194,3
3195,3
1147,3
7290,3
7289,3
7295,3
3202,3
7301,3
7302,3
3212,3
7309,3
1167,3
3217,3
3224,3
3228,3
1181,3
3239,3
1192,3
7339,3
5291,3
1197,3
5296,3
1201,3
5297,3
1204,3
3253,3
1206,3
3255,3
1208,3
1207,3
1210,3
5307,3
5306,3
7356,3
5310,3
1216,3
5313,3
3269,3
3272,3
3274,3
5326,3
3278,3
5328,3
3281,3
1233,3
1235,3
5334,3
5335,3
5336,3
5337,3
5342,3
1247,3
7392,3
5343,3
1258,3
3306,3
5357,3
3314,3
1271,3
7421,3
3327,3
1281,3
1282,3
5380,3
3335,3
5384,3
3340,3
3341,3
7437,3
7441,3
7442,3
7443,3
1304,3
5401,3
1306,3
7451,3
3355,3
5405,3
3352,3
3360,3
3361,3
1316,3
3366,3
1319,3
7464,3
7463,3
1322,3
5419,3
5417,3
5421,3
7465,3
1328,3
7473,3
7472,3
5428,3
7478,3
7479,3
3388,3
1340,3
3391,3
3394,3
7492,3
7493,3
7494,3
3400,3
1354,3
7499,3
1356,3
5453,3
7498,3
7503,3
1359,3
7508,3
5461,3
3415,3
3417,3
7514,3
3420,3
1373,3
1375,3
7520,3
1377,3
5474,3
5475,3
7523,3
7525,3
1382,3
7527,3
3431,3
3429,3
5480,3
5484,3
7535,3
7537,3
5493,3
7544,3
5497,3
5501,3
3458,3
5510,3
3463,3
1416,3
3462,3
7562,3
3467,3
7563,3
3468,3
1423,3
3472,3
5522,3
5525,3
7574,3
3478,3
5526,3
3483,3
1441,3
3491,3
7588,3
1444,3
3495,3
1450,3
3503,3
1455,3
7601,3
1458,3
5551,3
7599,3
3509,3
3511,3
1463,3
7608,3
3514,3
3515,3
5563,3
7613,3
3520,3
1472,3
5572,3
5573,3
3527,3
5579,3
5583,3
3535,3
1496,3
5593,3
3546,3
1500,3
5597,3
3555,3
3556,3
5606,3
5609,3
1519,3
1523,3
1528,3
3577,3
1531,3
5635,3
5639,3
1544,3
1550,3
5650,3
3603,3
1556,3
3605,3
3607,3
5656,3
5657,3
1559,3
3612,3
1566,3
5664,3
1568,3
3622,3
5670,3
5673,3
3628,3
3633,3
5685,3
3640,3
1596,3
3645,3
1599,3
5695,3
1601,3
3653,3
1606,3
5709,3
5710,3
3662,3
1616,3
1618,3
1622,3
5721,3
5724,3
3676,3
1629,3
3679,3
1631,3
5728,3
1634,3
5733,3
3685,3
1640,3
1642,3
3695,3
1651,3
5748,3
1652,3
1654,3
3705,3
1658,3
3706,3
1663,3
1664,3
1665,3
1666,3
3715,3
1667,3
3716,3
1671,3
5768,3
3725,3
1681,3
3730,3
5780,3
1686,3
3736,3
1689,3
5793,3
3747,3
3187,3
1701,3
3752,3
3754,3
5803,3
5804,3
1711,3
3760,3
5811,3
3767,3
1719,3
3769,3
3768,3
3773,3
5821,3
1725,3
3776,3
3777,3
1730,3
3779,3
5829,3
3785,3
1739,3
5839,3
1744,3
5845,3
1752,3
1759,3
5860,3
5861,3
5865,3
1772,3
5870,3
1775,3
3824,3
3826,3
3828,3
1781,3
5877,3
1785,3
3836,3
1793,3
1798,3
5896,3
1801,3
5898,3
5901,3
1806,3
5903,3
1808,3
1809,3
1810,3
1811,3
3853,3
5905,3
3862,3
1827,3
1835,3
3884,3
3886,3
3892,3
5945,3
3904,3
3912,3
1865,3
5963,3
1867,3
5966,3
3922,3
5977,3
5979,3
3934,3
3935,3
5985,3
1889,3
3938,3
3937,3
3943,3
3945,3
3946,3
3949,3
3952,3
1904,3
6003,3
3959,3
6013,3
1921,3
3972,3
1925,3
1928,3
3977,3
6025,3
1932,3
3982,3
3984,3
3986,3
6035,3
1941,3
3990,3
1943,3
1945,3
6043,3
1947,3
3997,3
4000,3
4006,3
1965,3
1975,3
6072,3
6071,3
1980,3
4029,3
1982,3
6081,3
6082,3
4035,3
1988,3
4034,3
4038,3
6087,3
1993,3
6089,3
4043,3
1995,3
6094,3
1999,3
6096,3
6103,3
2008,3
4061,3
2018,3
6115,3
4068,3
4072,3
2026,3
2028,3
2034,3
6131,3
6139,3
2050,4
4,4
6150,4
7,4
4111,4
2067,4
6165,4
2073,4
4130,4
35,4
6186,4
4139,4
4142,4
6190,4
48,4
4148,4
6198,4
2105,4
60,4
2111,4
6212,4
6214,4
6216,4
4176,4
6228,4
4183,4
88,4
6232,4
2138,4
6235,4
4189,4
2142,4
2145,4
6243,4
104,4
105,4
6250,4
106,4
2156,4
6253,4
6254,4
2161,4
6259,4
2163,4
4214,4
121,4
129,4
4235,4
4236,4
141,4
2188,4
6285,4
6292,4
6293,4
4246,4
6294,4
153,4
4256,4
6310,4
2216,4
2217,4
171,4
4268,4
2228,4
4279,4
2234,4
4284,4
2236,4
4287,4
2239,4
195,4
199,4
201,4
4300,4
206,4
207,4
4304,4
6355,4
212,4
226,4
228,4
4324,4
4326,4
2277,4
4331,4
4333,4
2289,4
4338,4
243,4
4341,4
6390,4
4343,4
4344,4
249,4
2296,4
2301,4
4354,4
2311,4
6417,4
4374,4
2327,4
2337,4
296,4
4392,4
6444,4
303,4
2355,4
4406,4
4409,4
4411,4
317,4
2372,4
4420,4
326,4
4424,4
6475,4
337,4
6488,4
2392,4
4445,4
2398,4
6495,4
4448,4
4450,4
357,4
6504,4
6512,4
6515,4
374,4
6520,4
377,4
4473,4
4475,4
4474,4
2430,4
6528,4
4483,4
6538,4
395,4
6541,4
4501,4
2458,4
6556,4
414,4
415,4
6560,4
6561,4
6563,4
424,4
2472,4
428,4
4526,4
6578,4
443,4
2491,4
4541,4
2493,4
4543,4
6592,4
449,4
6591,4
448,4
452,4
454,4
455,4
4553,4
6602,4
459,4
460,4
2508,4
6606,4
2511,4
4555,4
2521,4
480,4
2531,4
6634,4
2540,4
4590,4
4592,4
497,4
4600,4
6651,4
507,4
4603,4
2558,4
513,4
518,4
4615,4
2568,4
522,4
2572,4
4621,4
4623,4
6675,4
6683,4
2595,4
2598,4
6696,4
556,4
2605,4
6700,4
2610,4
6714,4
571,4
2620,4
4669,4
2622,4
4671,4
6729,4
4682,4
6736,4
4690,4
6744,4
6745,4
6747,4
2653,4
2654,4
2657,4
2661,4
6760,4
2665,4
2680,4
6777,4
6779,4
2684,4
6783,4
4741,4
6793,4
4746,4
2706,4
2708,4
2710,4
4764,4
2717,4
4768,4
2723,4
677,4
6822,4
6826,4
4779,4
689,4
6834,4
690,4
6836,4
2742,4
695,4
4794,4
4795,4
4796,4
2749,4
703,4
2754,4
708,4
2756,4
4810,4
714,4
2768,4
2770,4
2771,4
6868,4
4822,4
4823,4
6872,4
2779,4
4828,4
733,4
2783,4
4831,4
6884,4
6887,4
4839,4
744,4
6890,4
2794,4
2805,4
2806,4
6902,4
6905,4
4858,4
764,4
6909,4
6914,4
771,4
2820,4
4871,4
778,4
785,4
786,4
4890,4
6939,4
6947,4
804,4
2853,4
2854,4
807,4
4902,4
4906,4
6954,4
2867,4
821,4
2873,4
833,4
2882,4
6979,4
4929,4
6978,4
2888,4
841,4
4940,4
4941,4
2902,4
4956,4
2913,4
7009,4
7018,4
877,4
879,4
4976,4
4977,4
4983,4
7035,4
2943,4
899,4
2948,4
7045,4
2947,4
904,4
905,4
5005,4
7054,4
2959,4
910,4
913,4
2965,4
2966,4
2968,4
7066,4
5018,4
5020,4
927,4
7073,4
5031,4
936,4
7081,4
5034,4
2987,4
5036,4
935,4
7086,4
943,4
2992,4
2999,4
7096,4
3002,4
955,4
954,4
956,4
5056,4
5057,4
3010,4
3012,4
3013,4
3021,4
973,4
5075,4
3033,4
7132,4
3048,4
3052,4
7154,4
1010,4
1013,4
1014,4
7160,4
3064,4
5113,4
7163,4
5120,4
7172,4
1030,4
7178,4
3084,4
5133,4
5134,4
1037,4
5137,4
1041,4
1046,4
3096,4
3099,4
7195,4
1053,4
1051,4
3111,4
7213,4
3124,4
7220,4
5173,4
7229,4
7232,4
1091,4
3143,4
3146,4
5196,4
3152,4
7248,4
1106,4
1107,4
5203,4
7255,4
7261,4
1118,4
7262,4
7264,4
3169,4
3170,4
1121,4
3172,4
1126,4
3180,4
1137,4
5234,4
5239,4
5241,4
5244,4
3199,4
3201,4
7300,4
5254,4
7306,4
5259,4
1164,4
5264,4
5266,4
5270,4
1179,4
3227,4
7328,4
5281,4
5283,4
7333,4
5285,4
7335,4
7338,4
1196,4
5293,4
7342,4
1199,4
1200,4
1202,4
3250,4
5305,4
3261,4
3267,4
5319,4
1224,4
1225,4
3273,4
3275,4
1229,4
5331,4
1237,4
1242,4
5338,4
5340,4
1245,4
7389,4
7393,4
1253,4
3304,4
5352,4
7407,4
1269,4
3320,4
3321,4
7417,4
5371,4
1276,4
1275,4
7422,4
5375,4
1278,4
3329,4
3330,4
1287,4
7438,4
1296,4
1297,4
7446,4
7447,4
1308,4
7456,4
1317,4
1318,4
3375,4
1327,4
5424,4
5426,4
1335,4
1338,4
1339,4
1341,4
5447,4
3401,4
5450,4
1357,4
3406,4
7504,4
1364,4
7513,4
5467,4
7515,4
7519,4
5471,4
3428,4
3432,4
1395,4
1396,4
1397,4
7542,4
3447,4
3446,4
1405,4
1406,4
7551,4
1407,4
1410,4
5513,4
1418,4
5516,4
1422,4
1425,4
3474,4
3475,4
3477,4
5531,4
1436,4
3486,4
5541,4
7591,4
3496,4
7592,4
1461,4
1465,4
3517,4
5567,4
1484,4
1485,4
3536,4
5587,4
1495,4
3547,4
3552,4
1513,4
1515,4
1518,4
1521,4
5619,4
1526,4
1533,4
3587,4
1545,4
5649,4
3608,4
3617,4
3619,4
5671,4
3626,4
3627,4
1578,4
1581,4
3637,4
3656,4
3665,4
5715,4
5722,4
1637,4
3691,4
5739,4
1647,4
5767,4
3721,4
5770,4
1680,4
5778,4
5781,4
1691,4
1692,4
5789,4
5791,4
3744,4
1697,4
1700,4
5799,4
1708,4
1709,4
1712,4
5812,4
5816,4
1723,4
1726,4
3781,4
5834,4
3789,4
5838,4
3791,4
5841,4
1751,4
5849,4
5850,4
1756,4
1761,4
3812,4
3816,4
1778,4
1786,4
5884,4
3837,4
3846,4
1805,4
5911,4
5912,4
5918,4
1822,4
3875,4
5926,4
5927,4
5933,4
1844,4
5941,4
1859,4
3909,4
1864,4
3913,4
3914,4
1869,4
1872,4
1873,4
5971,4
1880,4
3928,4
5980,4
5984,4
1888,4
3942,4
3951,4
3955,4
3956,4
1909,4
3958,4
6009,4
6018,4
1922,4
3973,4
6022,4
1927,4
1926,4
6026,4
1935,4
3985,4
6041,4
4005,4
6059,4
1966,4
4033,4
6083,4
1989,4
2002,4
4052,4
2023,4
6120,4
6121,4
4077,4
2030,4
2040,4
4089,4
6138,4
2045,4
2049,5
2,5
2052,5
6149,5
6,5
2053,5
9,5
10,5
4105,5
6153,5
2059,5
2062,5
6159,5
6160,5
6162,5
2068,5
26,5
2074,5
6180,5
2091,5
6194,5
4149,5
4154,5
4155,5
4159,5
4160,5
2112,5
66,5
6211,5
6209,5
4165,5
4167,5
4168,5
2123,5
4173,5
2126,5
2128,5
4177,5
4178,5
6229,5
94,5
6239,5
2146,5
99,5
100,5
6246,5
4203,5
4205,5
6256,5
2167,5
4220,5
2172,5
6275,5
133,5
4229,5
6283,5
6284,5
2189,5
6289,5
4249,5
4250,5
4252,5
158,5
4255,5
4260,5
2214,5
167,5
2220,5
179,5
6325,5
183,5
2232,5
2235,5
190,5
6335,5
2244,5
2245,5
6341,5
4297,5
2251,5
6349,5
4311,5
6360,5
215,5
6362,5
218,5
6365,5
2274,5
6371,5
231,5
2279,5
6382,5
4336,5
241,5
6384,5
2291,5
4339,5
246,5
2298,5
6395,5
4348,5
251,5
256,5
6402,5
6404,5
4368,5
4369,5
275,5
2330,5
4379,5
4380,5
285,5
4383,5
4384,5
294,5
6441,5
2345,5
300,5
4397,5
6447,5
6449,5
6451,5
308,5
4405,5
6453,5
4410,5
315,5
4421,5
2375,5
6472,5
6474,5
4427,5
2380,5
4428,5
2387,5
4437,5
342,5
2393,5
346,5
4446,5
353,5
6502,5
4457,5
6508,5
366,5
2415,5
4463,5
369,5
6513,5
4476,5
4481,5
385,5
4482,5
4488,5
393,5
394,5
2450,5
4505,5
412,5
4509,5
4512,5
4513,5
6564,5
4518,5
423,5
2470,5
6569,5
6570,5
4524,5
6573,5
433,5
437,5
6582,5
447,5
4546,5
2502,5
6600,5
4558,5
4559,5
6611,5
4564,5
6624,5
482,5
4581,5
487,5
6632,5
6636,5
2553,5
506,5
512,5
4611,5
6660,5
6659,5
4627,5
2581,5
4633,5
6691,5
6694,5
2599,5
4647,5
2602,5
562,5
564,5
2613,5
566,5
2621,5
575,5
583,5
584,5
585,5
590,5
4688,5
2643,5
597,5
598,5
2646,5
4696,5
2649,5
601,5
4699,5
602,5
4705,5
2660,5
617,5
6761,5
2667,5
622,5
4719,5
6772,5
2678,5
6775,5
632,5
2683,5
4733,5
2687,5
6784,5
4737,5
2691,5
644,5
2695,5
4744,5
649,5
6795,5
2703,5
656,5
667,5
2716,5
4766,5
670,5
6819,5
679,5
6824,5
2731,5
684,5
6830,5
687,5
2747,5
2753,5
4805,5
4807,5
712,5
2765,5
6864,5
724,5
2777,5
2778,5
4827,5
2785,5
6892,5
749,5
2800,5
4848,5
2803,5
6901,5
4855,5
6907,5
2816,5
6915,5
774,5
775,5
4872,5
777,5
6922,5
2827,5
780,5
4877,5
781,5
4879,5
6929,5
2833,5
787,5
4886,5
2839,5
6936,5
6937,5
794,5
6941,5
797,5
2851,5
803,5
6957,5
4911,5
6963,5
4916,5
6965,5
6970,5
2880,5
2881,5
4933,5
6982,5
4937,5
6994,5
6995,5
7000,5
7004,5
860,5
4959,5
7008,5
869,5
870,5
7022,5
2930,5
2939,5
4992,5
7041,5
898,5
4996,5
5000,5
7051,5
5004,5
5009,5
917,5
2971,5
5022,5
7071,5
2975,5
2983,5
2990,5
5042,5
948,5
952,5
5050,5
5051,5
7101,5
5055,5
7104,5
7105,5
5058,5
962,5
965,5
3018,5
5069,5
978,5
979,5
7128,5
984,5
5083,5
7133,5
7136,5
3043,5
7148,5
7150,5
5103,5
7153,5
7157,5
1028,5
3077,5
3079,5
5129,5
3082,5
5131,5
1033,5
3087,5
5138,5
5140,5
3092,5
3100,5
5150,5
7199,5
5157,5
3109,5
7207,5
5164,5
3117,5
1071,5
1077,5
7221,5
5179,5
5180,5
5181,5
1087,5
5184,5
5185,5
5191,5
5193,5
7249,5
1110,5
5208,5
7258,5
5219,5
5223,5
3176,5
3181,5
3182,5
7279,5
3186,5
7286,5
7291,5
5251,5
1159,5
5260,5
5263,5
7312,5
5265,5
7314,5
5268,5
7317,5
7318,5
1178,5
1180,5
7329,5
3237,5
7337,5
7340,5
7341,5
3248,5
5298,5
7348,5
1205,5
5302,5
5303,5
5304,5
5300,5
1213,5
5316,5
7365,5
5321,5
3276,5
5333,5
3291,5
1243,5
5345,5
1249,5
3298,5
5349,5
1257,5
3311,5
5361,5
1265,5
5368,5
3322,5
5372,5
3325,5
3328,5
5377,5
1284,5
5386,5
1294,5
7439,5
3344,5
3346,5
1301,5
7449,5
1309,5
3364,5
3373,5
3374,5
7474,5
1333,5
3382,5
1336,5
5434,5
3386,5
5436,5
5437,5
3403,5
1355,5
7506,5
1362,5
5465,5
5470,5
5478,5
3434,5
5483,5
5486,5
1391,5
7534,5
5489,5
5488,5
7543,5
5495,5
1399,5
7546,5
5498,5
7549,5
7550,5
1414,5
7561,5
3466,5
1426,5
7571,5
3476,5
3479,5
5529,5
1445,5
1462,5
5562,5
3516,5
1470,5
1473,5
3531,5
3532,5
3534,5
5585,5
1491,5
1492,5
3542,5
3543,5
5592,5
3548,5
3549,5
5605,5
5607,5
5608,5
3569,5
3570,5
3575,5
5623,5
5628,5
3582,5
1535,5
1539,5
1548,5
1551,5
5661,5
3615,5
5668,5
1573,5
3623,5
5672,5
1585,5
1591,5
5691,5
3654,5
1607,5
1614,5
3668,5
1620,5
5719,5
5726,5
1643,5
3692,5
3703,5
5760,5
5771,5
3731,5
1688,5
5787,5
1694,5
5796,5
3749,5
5798,5
1710,5
3759,5
5807,5
1715,5
3765,5
1717,5
5814,5
5819,5
1724,5
1727,5
3775,5
5825,5
3782,5
1734,5
3793,5
3802,5
1754,5
1755,5
5856,5
1762,5
1763,5
5858,5
1766,5
1769,5
5878,5
1791,5
5888,5
5889,5
5887,5
1795,5
3843,5
3844,5
3851,5
1803,5
3861,5
5910,5
1816,5
3866,5
1819,5
5922,5
1834,5
3891,5
5942,5
3906,5
5958,5
3917,5
5968,5
3929,5
1885,5
5981,5
5983,5
3936,5
3941,5
1895,5
5992,5
1897,5
3947,5
5997,5
5999,5
1903,5
1907,5
6005,5
6008,5
1912,5
3969,5
1923,5
6021,5
3976,5
6024,5
1930,5
6028,5
3981,5
1938,5
1939,5
6039,5
1944,5
3994,5
1951,5
4002,5
1955,5
6052,5
6053,5
4010,5
4015,5
4028,5
1985,5
6084,5
6085,5
6106,5
4060,5
6109,5
6116,5
4070,5
2025,5
6123,5
6128,5
2032,5
6132,5
6137,5
0,6
6148,6
2061,6
6172,6
4126,6
32,6
6183,6
6187,6
46,6
47,6
4143,6
4146,6
6196,6
6202,6
59,6
6207,6
2114,6
2120,6
4169,6
6222,6
6227,6
6231,6
4187,6
95,6
6240,6
4193,6
97,6
6251,6
2158,6
4208,6
116,6
6266,6
6268,6
125,6
134,6
6282,6
4237,6
2191,6
4241,6
2193,6
4243,6
4244,6
6299,6
6300,6
6305,6
2210,6
6312,6
4269,6
174,6
6329,6
2243,6
6342,6
2248,6
6346,6
204,6
6352,6
6357,6
2264,6
4314,6
6363,6
4320,6
2278,6
4330,6
235,6
6378,6
242,6
2299,6
6397,6
257,6
258,6
4359,6
6408,6
6407,6
267,6
6412,6
6411,6
2319,6
6419,6
6420,6
280,6
6427,6
2346,6
2347,6
306,6
307,6
312,6
6458,6
2369,6
6480,6
2385,6
4438,6
347,6
4451,6
2406,6
2409,6
4458,6
362,6
2414,6
375,6
2424,6
4478,6
6535,6
2442,6
397,6
4493,6
413,6
4511,6
6566,6
429,6
6574,6
6575,6
4530,6
434,6
6593,6
2506,6
461,6
6609,6
4565,6
471,6
4568,6
4576,6
4577,6
4583,6
6637,6
2545,6
6645,6
2550,6
2549,6
2559,6
6658,6
6661,6
521,6
2576,6
4629,6
2582,6
538,6
4636,6
6687,6
6688,6
4653,6
2606,6
560,6
4657,6
4660,6
6709,6
570,6
573,6
6721,6
4676,6
6726,6
582,6
4683,6
6733,6
591,6
594,6
2650,6
604,6
4701,6
607,6
2655,6
4704,6
2659,6
6755,6
2662,6
6758,6
4711,6
4715,6
2671,6
4720,6
6770,6
627,6
636,6
652,6
4755,6
661,6
665,6
2721,6
6820,6
682,6
688,6
2738,6
6845,6
6852,6
6858,6
6867,6
6869,6
727,6
2780,6
6876,6
734,6
4833,6
738,6
4842,6
747,6
2795,6
4845,6
750,6
6903,6
4856,6
760,6
4865,6
776,6
782,6
2831,6
2832,6
2836,6
4887,6
4897,6
4898,6
2855,6
2857,6
6964,6
6967,6
6969,6
828,6
2877,6
4934,6
6991,6
2896,6
2903,6
2906,6
2915,6
7015,6
7016,6
875,6
7020,6
876,6
7027,6
2932,6
7031,6
2936,6
7034,6
2938,6
7040,6
7044,6
7046,6
5001,6
7050,6
5010,6
5012,6
5014,6
7067,6
2972,6
925,6
5029,6
2985,6
5035,6
2991,6
945,6
3000,6
5053,6
3006,6
7109,6
968,6
5065,6
5074,6
980,6
3031,6
5081,6
3036,6
5087,6
3040,6
5102,6
1008,6
7159,6
7162,6
1020,6
5118,6
7167,6
1022,6
1025,6
7168,6
3075,6
3083,6
7182,6
1040,6
3089,6
7189,6
3093,6
5143,6
7193,6
7194,6
7201,6
5156,6
3126,6
3128,6
3129,6
5182,6
3134,6
3136,6
3138,6
3140,6
1093,6
7242,6
3155,6
5204,6
5206,6
3158,6
1112,6
7256,6
1116,6
3164,6
5215,6
5224,6
1133,6
5235,6
5236,6
5243,6
7294,6
5247,6
3204,6
3207,6
3210,6
1166,6
3229,6
5277,6
3231,6
3234,6
1190,6
5289,6
3247,6
7350,6
7352,6
1209,6
3266,6
5314,6
7369,6
5324,6
7374,6
1232,6
5330,6
7388,6
3296,6
1255,6
7402,6
5356,6
1261,6
3312,6
5378,6
1291,6
1305,6
3353,6
3368,6
3370,6
3371,6
5420,6
7469,6
1326,6
5425,6
5430,6
3385,6
5439,6
7489,6
5446,6
3404,6
3424,6
3430,6
1385,6
3433,6
3437,6
3439,6
3440,6
3449,6
5500,6
7552,6
3460,6
5520,6
1424,6
1429,6
1431,6
7581,6
5542,6
1451,6
1454,6
3507,6
5565,6
5566,6
1471,6
7615,6
1479,6
5577,6
1483,6
1486,6
5610,6
5614,6
1520,6
1530,6
1536,6
3602,6
3606,6
1564,6
5662,6
1569,6
1572,6
5676,6
3632,6
5681,6
3634,6
1589,6
1598,6
1605,6
3655,6
1610,6
1624,6
3683,6
1636,6
1635,6
5736,6
5741,6
3697,6
5752,6
1693,6
3742,6
5790,6
5801,6
3757,6
5815,6
1721,6
5820,6
5830,6
5832,6
3786,6
1746,6
5843,6
5846,6
5847,6
1758,6
3809,6
1770,6
3822,6
5874,6
5876,6
5880,6
3833,6
1789,6
3838,6
1792,6
5892,6
3845,6
3847,6
3855,6
3856,6
5909,6
5921,6
5925,6
1842,6
5939,6
3899,6
5956,6
1884,6
5987,6
3940,6
1892,6
1894,6
5993,6
5995,6
6004,6
1916,6
1919,6
6027,6
3992,6
6044,6
1950,6
3998,6
1954,6
1960,6
1964,6
6065,6
1972,6
4020,6
6070,6
4024,6
6091,6
2003,6
4054,6
2007,6
4063,6
2017,6
2020,6
2036,6
4084,6
6134,6
4087,6
4088,6
4612,7
2567,7
2057,7
6155,7
5132,7
3599,7
2066,7
5654,7
6167,7
2586,7
1056,7
34,7
4646,7
5675,7
3629,7
6191,7
3120,7
7215,7
6708,7
2101,7
6201,7
5178,7
7227,7
7230,7
1600,7
5188,7
2633,7
3148,7
4175,7
2134,7
600,7
89,7
6233,7
2136,7
2652,7
1117,7
3674,7
4185,7
6757,7
2663,7
4717,7
1136,7
2160,7
2166,7
3191,7
1660,7
4734,7
6270,7
6271,7
3713,7
5765,7
6799,7
3729,7
6804,7
1173,7
3738,7
6814,7
3230,7
672,7
2212,7
7334,7
6828,7
4278,7
7361,7
3778,7
2758,7
1735,7
1228,7
1745,7
3282,7
6878,7
1250,7
5347,7
6379,7
7405,7
5872,7
7410,7
5875,7
3831,7
2812,7
1279,7
6916,7
6406,7
1288,7
3849,7
3857,7
3347,7
3865,7
3354,7
4381,7
6942,7
3362,7
5924,7
2860,7
7477,7
4924,7
1344,7
5962,7
6476,7
4431,7
3920,7
1874,7
3925,7
3926,7
3927,7
1881,7
6500,7
7014,7
1899,7
6510,7
5491,7
1910,7
4984,7
1403,7
891,7
381,7
7039,7
2944,7
389,7
7047,7
396,7
3469,7
6545,7
2465,7
1957,7
3500,7
430,7
1459,7
7604,7
2483,7
2998,7
3512,7
6587,7
3005,7
4544,7
3521,7
1987,7
7623,7
7121,7
6612,7
474,7
5086,7
6623,7
4065,7
994,7
3045,7
998,7
3051,7
3564,7
4082,7
7156,7
501,7
3578,7
5123,8
5126,8
3593,8
6668,8
531,8
1049,8
1057,8
2084,8
4138,8
4145,8
5690,8
2109,8
4157,8
5693,8
5697,8
3651,8
1604,8
2118,8
1095,8
1609,8
74,8
587,8
4684,8
5198,8
6740,8
1621,8
3677,8
5727,8
6241,8
3173,8
3175,8
111,8
7280,8
4729,8
5754,8
4730,8
122,8
5246,8
2176,8
5766,8
5773,8
5779,8
150,8
5784,8
671,8
3232,8
6303,8
6647,8
3236,8
3748,8
5287,8
7351,8
3260,8
5311,8
6848,8
6338,8
5833,8
6345,8
7370,8
1740,8
4301,8
5836,8
5844,8
3799,8
1241,8
3803,8
7387,8
1251,8
2793,8
3819,8
3309,8
238,8
4847,8
3313,8
7412,8
247,8
2821,8
7432,8
4364,8
6428,8
3870,8
4896,8
2339,8
1832,8
4905,8
1837,8
2861,8
5423,8
302,8
814,8
3379,8
2358,8
4922,8
7483,8
5947,8
1853,8
6974,8
5444,8
2886,8
6471,8
5961,8
6989,8
1870,8
7502,8
6481,8
5458,8
2386,8
4945,8
6486,8
2904,8
1378,8
4963,8
5476,8
873,8
365,8
5490,8
4470,8
1398,8
3966,8
3983,8
916,8
922,8
3487,8
4004,8
5547,8
946,8
4026,8
7099,8
1984,8
7617,8
453,8
966,8
1994,8
5580,8
1997,8
4048,8
2514,8
6099,8
3035,8
1503,8
7140,8
6127,8
3574,8
1527,8
4602,8
3072,9
3584,9
6662,9
4104,9
5130,9
3598,9
5647,9
4626,9
3604,9
29,9
543,9
1059,9
3115,9
5165,9
1070,9
51,9
7222,9
1594,9
4667,9
6204,9
4164,9
3144,9
5705,9
6731,9
6735,9
593,9
3675,9
4190,9
1633,9
2150,9
6255,9
2674,9
7287,9
3707,9
3196,9
2175,9
7299,9
2190,9
1684,9
2711,9
6297,9
6308,9
4264,9
2730,9
2737,9
2740,9
2741,9
6332,9
1220,9
5318,9
6348,9
752,9
5873,9
245,9
3323,9
4358,9
269,9
5398,9
2838,9
4888,9
6440,9
2856,9
810,9
7468,9
7475,9
3897,9
325,9
837,9
846,9
7505,9
1365,9
343,9
5472,9
2917,9
6000,9
372,9
1918,9
2433,9
907,9
4495,9
3988,9
6550,9
6551,9
6040,9
921,9
7579,9
6066,9
438,9
4025,9
5574,9
6598,9
971,9
987,9
7135,9
1504,9
7149,9
4591,9
6640,9
2041,9
5115,9
6652,9
5119,9
1152,10
1158,10
5895,10
4617,10
7568,10
5393,10
2834,10
1940,10
407,10
7450,10
1307,10
4634,10
6173,10
5153,10
1826,10
2979,10
3233,10
6952,10
172,10
6061,10
4012,10
175,10
7471,10
7217,10
1716,10
7605,10
6710,10
823,10
2104,10
3001,10
3770,10
4285,10
6590,10
4798,10
7616,10
3774,10
65,10
4547,10
1347,10
3139,10
3784,10
4040,10
7112,10
2813,10
2505,10
4430,10
7118,10
4562,10
4819,10
3539,10
1749,10
2772,10
4695,10
7390,10
863,10
864,10
3553,10
4322,10
5346,10
2404,10
2916,10
1248,10
7143,10
491,10
5228,10
1773,10
5105,10
370,10
883,10
2162,10
2165,10
7415,10
505,10
765,10
3710,10
641,11
2051,11
5508,11
5764,11
2182,11
1675,11
6416,11
3345,11
4370,11
1427,11
1657,11
21,11
6038,11
918,11
2328,11
5755,11
6811,11
3358,11
5152,11
2211,11
7076,11
4645,11
422,11
1315,11
811,11
1963,11
2989,11
7084,11
1331,11
4019,11
3893,11
3127,11
1602,11
840,11
975,11
3026,11
3412,11
216,11
5851,11
4829,11
4318,11
4447,11
5089,11
3810,11
1507,11
3963,11
6626,11
1134,11
6768,11
4209,11
5106,11
2294,11
2039,11
2169,11
3067,11
6911,11
7424,12
4226,12
5891,12
2822,12
3724,12
4878,12
6927,12
4625,12
7188,12
2964,12
6933,12
7445,12
3734,12
2459,12
156,12
5917,12
5409,12
3874,12
5923,12
6817,12
293,12
5546,12
6320,12
5299,12
4790,12
6716,12
7102,12
3903,12
4670,12
577,12
2501,12
2504,12
1096,12
4299,12
4944,12
6608,12
6485,12
6741,12
1123,12
2407,12
4714,12
2035,12
2292,12
2548,12
248,12
2560,13
646,13
5258,13
1163,13
23,13
7583,13
3746,13
6178,13
7459,13
3493,13
4776,13
169,13
4522,13
2735,13
3252,13
310,13
3772,13
61,13
7234,13
5066,13
845,13
4305,13
4053,13
1244,13
4199,13
4975,13
6774,13
1529,13
2940,13
4609,14
6145,14
7555,14
4750,14
6932,14
2969,14
1820,14
7069,14
2718,14
1959,14
2351,14
5809,14
313,14
1851,14
2495,14
704,14
1345,14
2500,14
7620,14
586,14
208,14
5594,14
91,14
4580,14
6394,14
1380,15
5253,15
3526,15
6439,15
5708,15
7598,15
5714,15
1587,15
24,15
603,15
3643,15
6461,15
3423,15
509,16
2625,16
2692,16
6825,16
1676,16
1742,16
6703,16
19,16
3795,16
2739,16
1501,16
6432,17
2342,17
680,17
489,17
2697,17
6316,17
2417,17
4787,17
3383,17
6327,17
5213,17
3457,18
1177,18
3174,18
6630,18
1419,18
1871,18
5973,18
2809,18
4597,18
5753,18
1374,18
321,19
6051,19
7270,19
1575,19
3529,19
4748,19
1325,19
7281,19
7259,19
637,19
4194,20
1187,20
3011,20
1704,20
4009,20
6350,20
2230,20
5142,20
5341,20
6980,21
263,21
328,21
6097,21
5554,21
3481,21
2332,21
4153,21
458,22
523,22
3889,22
2815,22
5589,22
2006,22
287,22
3908,23
5960,23
4245,23
5590,23
2329,23
3579,23
1917,23
2019,24
4067,24
4367,24
1615,24
7094,24
2879,24
6603,25
3885,25
2253,25
1267,25
6328,25
3933,25
4166,26
4616,26
6221,26
592,26
3132,26
63,26
7180,27
1679,27
5967,27
6225,27
6393,27
4863,27
1063,28
2762,28
7501,28
4016,28
755,28
5037,29
6511,29
144,29
3098,29
2555,29
5986,30
2287,30
3827,30
6580,30
4510,30
7298,31
7268,31
3015,31
2378,31
5648,31
7480,32
795,32
678,32
7431,32
1330,33
1732,33
4965,33
3070,33
305,34
6034,34
4292,34
6829,34
4824,35
7049,35
3541,35
5808,35
1707,36
5116,36
5117,36
7566,36
3376,37
5524,37
239,37
2009,38
7382,38
6815,38
2449,39
3091,39
3054,39
5169,40
3257,40
270,40
5936,41
1298,41
6426,41
6456,42
6806,42
7343,42
